sku,annual_demand,daily_demand,std_daily_demand,eoq,safety_stock,reorder_point
SKU_A,3179.4980936712723,8.710953681291157,5.0,398.7165718697476,30.772393617224424,152.72574515530061
SKU_B,6286.368319526975,17.22292690281363,5.0,560.6410758911165,30.772393617224424,271.89337025661524
SKU_C,8776.02381387955,24.043900859943975,5.0,662.4207052123126,30.772393617224424,367.3870056564401
SKU_D,2618.264909895569,7.173328520261832,5.0,361.8193547818834,30.772393617224424,131.19899290089006
